,,Video,Views,Likes
1,=,BABYMONSTER - âSHEESHâ M/V,"6,088,411","72,706"
2,NEW,Ranga Ranga | Maidaan | Ajay Devgn | A.R.Rahman | Vaishali Samant | MC HEAM | Boney Kapoor,"5,649,148","6,225"
3,+2,JoJo Siwa - Karma (Official Video),"4,639,451","41,231"
4,-2,BABYMONSTER - âSHEESHâ PERFORMANCE VIDEO,"3,830,066","53,837"
5,-2,Natanael Cano || BZRP Music Sessions #59,"2,552,282","74,025"
6,+1,Crazy Frog - Axel F (Official Video),"2,540,077","7,662"
7,+2,Creepy Nutsï½¢Bling-Bang-Bang-Bornï½£ Ã TV Animeï½¢ããã·ã¥ã«-MASHLE-ï½£ Collaboration Music Video #BBBBãã³ã¹,"2,293,474","14,778"
8,-2,Kurchi Madathapetti Full Video Song | Guntur Kaaram | Mahesh Babu | Sreeleela | Trivikram | Thaman S,"2,251,795","13,006"
9,-5,"Tu Kya Jaane | Amar Singh Chamkila | Diljit Dosanjh, Imtiaz Ali, A.R.Rahman,Irshad,Yashika,Parineeti","2,235,216","1,781"
10,+1,Ozoda  - Ko'k jiguli  (Official Music Video 2024),"2,131,302","6,645"
11,+1,Benson Boone - Beautiful Things (Official Music Video),"2,117,471","25,729"
12,+3,"MESITA, NICKI NICOLE, EMILIA, TIAGO PZK - UNA FOTO REMIX (Video Oficial)","1,965,682","5,160"
13,+5,à¤¶à¥à¤°à¥ à¤¹à¤¨à¥à¤®à¤¾à¤¨ à¤à¤¾à¤²à¥à¤¸à¤¾ ðºð| Shree Hanuman Chalisa Original Video |ððº| GULSHAN KUMAR | HARIHARAN |Full HD,"1,906,228","8,002"
14,-1,"Teri Baaton Mein Aisa Uljha Jiya (Title Track): Shahid Kapoor, Kriti Sanon | Raghav,Tanishk, Asees","1,853,365","8,627"
15,+1,FloyyMenor FT Cris MJ - GATA ONLY  (Video Official) | EL COMIENZO,"1,808,154","9,065"
16,NEW,Kamsin Kali | LSD 2 | Tony Kakkar | Neha Kakkar | Dhanashree Verma | Mudassar Khan,"1,805,432","51,357"
17,NEW,SixTONES â é³è² [YouTube ver.],"1,745,523","57,518"
18,-1,Xavi - La Diabla (Official Video),"1,742,322","8,399"
19,NEW,HIKAKIN & SEIKIN - ã³ã¼ã«,"1,712,256","35,646"
20,=,"BELLAKEO (Video Oficial) - Peso Pluma, Anitta","1,692,771","4,850"
21,-7,Issa Vibe | Badshah | Bloody Daddy | Shahid Kapoor | Payal Dev | Latest Bollywood Songs 2023,"1,642,784","1,768"
22,-12,J. Cole - 7 Minute Drill (Official Audio),"1,494,031","53,037"
23,-1,à¸ªà¸§à¸¢à¸à¸¢à¸µà¹à¹à¸ - à¸à¹à¸²à¸§à¸à¸¸à¹à¸ x à¸à¸´à¸à¹à¸­à¸¡ x à¸à¸³à¸¡à¸­à¸ª #à¸­à¸±à¸¥à¸à¸±à¹à¸¡à¸¥à¸°à¹à¸§à¹à¹à¸à¸à¸²à¸à¸à¸µà¹à¹à¸à¹à¸²à¹à¸ [OFFICIAL MV],"1,483,034","10,684"
24,-16,TXT (í¬ëª¨ë¡ì°ë°ì´í¬ê²ë) 'Deja Vu' Official MV,"1,436,133","34,414"
25,=,Grupo Frontera x Grupo Firme - EL AMOR DE SU VIDA (Video Oficial),"1,411,306","3,157"
26,=,Xavi - CorazÃ³n de Piedra (Official Video),"1,399,685","7,719"
27,+3,CG5 - Sleep Well (from Poppy Playtime: Chapter 3),"1,344,398","11,856"
28,-5,Lan - Zeynep BastÄ±k | Lyric Video,"1,339,690","3,493"
29,-8,Magnetic,"1,293,595","11,118"
30,NEW,Creepy Nuts - ããªã±ã³ / THE FIRST TAKE,"1,275,537","41,905"
31,-7,Ariana Grande - we can't be friends (wait for your love) (official music video),"1,272,349","15,728"
32,+1,ILLIT (ìì¼ë¦¿) âMagneticâ Official MV,"1,195,066","22,552"
33,NEW,GloRilla â Wanna Be feat. Megan Thee Stallion (Official Music Video),"1,182,809","103,700"
34,-7,Yimmy Yimmy - Tayc | Shreya Ghoshal | Jacqueline Fernandez | Rajat N | Rana | Nyadjiko | Anshul Garg,"1,174,315","15,831"
35,-7,Natanael Cano X Oscar Maydon - Madonna  [Official Video],"1,171,319","5,860"
36,-2,"Maluma, Carin Leon - SegÃºn QuiÃ©n (Official Video)","1,167,938","2,273"
37,-1,PSY - GANGNAM STYLE(ê°ë¨ì¤íì¼) M/V,"1,166,368","5,744"
38,-7,El Chombo - Dame Tu Cosita feat. Cutty Ranks (Official Video) [Ultra Records],"1,124,281","3,843"
39,-20,Ø¥Ø¹ÙØ§Ù ÙÙ Ø±ÙØ¶Ø§Ù 2024 - Ø¯Ø§ÙÙØ§ Ø¹ÙÙ Ø¨Ø§ÙÙ - Ø¥ÙÙØ³Ø§,"1,099,343","12,693"
40,+8,"Diz aÃ­ qual Ã© o plano? - Mc Ig, Luki, GP, Ryan, PH, Poze, Oruam, Traplaudo, GH, Nego Micha (TMOIG)","1,081,586","7,356"
41,NEW,Useless Bhawra - Pragati Nagpal | Official Music Video | Saregama Originals | Vayu x Pani,"1,063,890","1,251"
42,+8,"KAROL G, Shakira - TQG (Official Video)","1,060,379","2,426"
43,+129,#Video | à¤à¤¾à¤²à¤¾ à¤à¤¶à¥à¤®à¤¾ à¤²à¤à¤¾ à¤²à¥à¤à¤¿à¤ | Neelkamal Singh | Mahima Gupta | New Bhojpuri Song,"1,056,246","7,995"
44,-5,Wiz Khalifa - See You Again ft. Charlie Puth [Official Video] Furious 7 Soundtrack,"1,029,796","6,017"
45,-5,"iZaak, Jhayco, Anuel AA - BBY BOO (Remix) [Official Video]","1,014,024","8,412"
46,+1,"Tiago PZK, Ke Personajes - Piel (Video Oficial)","1,009,026","3,524"
47,-10,Sai Abhyankkar - Katchi Sera (Music Video) | Samyuktha | Ken Royson | Think Indie,"994,749","7,111"
48,NEW,DIZEM QUE SOU LOUCA - Mari Fernandez (Clipe Oficial),"983,713","6,483"
49,-5,Picus - FBI,"983,427","9,149"
50,+4,Yng Lvcas & Peso Pluma - La Bebe (Remix) [Video Oficial],"978,056","2,738"
51,+2,JERE KLEIN - ANDO (Video Oficial) | ENFASIS,"969,714",0
52,NEW,Pehla Ishq | Ruslaan | Aayush Sharma | Sushrii Mishraa | Rito Riba | Rajat Nagpal | Rana Sotal,"962,394","3,093"
53,-12,Creepy Nuts - BlingâBangâBangâBorn / THE FIRST TAKE,"956,943","6,786"
54,-3,KAROL G - MI EX TENÃA RAZÃN (Official Video),"955,024","1,881"
55,+26,"Dennis, Ana Castela e MC GW - RAM TCHUM (clipe oficial)","946,063","4,715"
56,NEW,Defender by Mankirt Aulakh | Akshara Singh | Renuka Panwar | Ishtar Punjabi | Haryanvi song 2024,"942,460","59,246"
57,=,"Yuridia, Angela Aguilar - QuÃ© AgonÃ­a (Video Oficial)","928,410","1,444"
58,-20,QWER 'ê³ ë¯¼ì¤ë' Official MV,"915,461","4,160"
59,+5,"Luan Pereira, MC Daniel - Entra Na Defender (Clipe Oficial)","913,458","2,838"
60,-17,LE SSERAFIM (ë¥´ì¸ë¼í) 'Smart' OFFICIAL MV,"907,219","10,377"
61,+61,"Manu BahtidÃ£o, Simone Mendes - Daqui Pra Sempre (VÃ­deo Oficial)","904,786","2,471"
62,-7,Mark Ronson - Uptown Funk (Official Video) ft. Bruno Mars,"884,933","3,539"
63,-14,"Akhiyaan Gulaab (Song): Shahid Kapoor, Kriti Sanon | Mitraz | Teri Baaton Mein Aisa Uljha Jiya","883,984","5,518"
64,-12,"Future, Metro Boomin, Kendrick Lamar - Like That (Official Audio)","877,795","12,303"
65,+4,Shakira - Waka Waka (This Time for Africa) (The Official 2010 FIFA World Cupâ¢ Song),"874,292","4,059"
66,-8,"Post Malone, Swae Lee - Sunflower (Spider-Man: Into the Spider-Verse)","874,010","4,137"
67,-21,CantaJuego - Soy Una Taza (Version Mexico),"871,693",696
68,+9,Eagles - Hotel California (Live 1977) (Official Video) [HD],"855,061","4,042"
69,NEW,TERKUAK SIFAT ASLI USTAD,"839,296","77,141"
70,=,"ArcÃ¡ngel, Grupo Frontera - ALV (Video Oficial) | Sentimiento, Elegancia y MÃ¡s Maldad","837,820","6,724"
71,+12,Grupo Frontera x Bad Bunny - UN X100TO (Video Oficial),"837,182","1,854"
72,-6,Ebru YaÅar & Siyam - Yoksun,"836,855","1,778"
73,-11,The Weeknd - Save Your Tears (Official Music Video),"834,700","3,371"
74,+1,Miley Cyrus - Flowers (Official Video),"822,830","2,955"
75,-19,"Palang Sagwan Ke | Khesari Lal Yadav, Aamrapali Dubey | Doli Saja Ke Rakhna | FULL SONG | Movie Song","822,466","4,643"
76,-2,"Tz da Coronel - Qual Ã© seu desejo? ft. Ryu, The Runner (Prod.Nagalli) Clipe Oficial","811,113","4,339"
77,-6,Luis Fonsi - Despacito ft. Daddy Yankee,"801,403","5,422"
78,-19,"Manu BahtidÃ£o, Guilherme e Benuto - Torre Eiffel (VÃ­deo Oficial)","788,711","3,114"
79,+136,Doja Cat - MASC (Official Video) ft. Teezo Touchdown,"787,469","25,582"
80,-20,Ed Sheeran - Perfect (Official Music Video),"786,689","5,311"
81,+21,"Luck Ra, Khea - HOLA PERDIDA","784,615","1,500"
82,NEW,Baby Calm Down Full HD Selena Gomez Rema Official Music  Video Multi Color Alien Part (95),"782,388","1,260"
83,-11,50 Cent - In Da Club (Official Music Video),"781,264","4,513"
84,+29,"Emanero, Karina, J mena, Angela Torres - SINVERGÃENZA (Official Video)","781,243","1,297"
85,+39,"LET'S GO 4 - DJ GBR, IG, Ryan SP, PH, Davi, Luki, Don Juan, Kadu ,GH do 7, GP, TrapLaudo","781,119","4,012"
86,-13,Becky G - POR EL CONTRARIO with Leonardo Aguilar & Ãngela Aguilar (Performance Video),"775,793","2,075"
87,-19,Ed Sheeran - Shape of You (Official Music Video),"769,959","5,261"
88,-12,Lewis Capaldi - Someone You Loved,"769,083","4,706"
89,-10,Adele - Rolling in the Deep (Official Music Video),"747,104","3,194"
90,-27,"Choli Ke Peeche | Crew - Kareena Kapoor K, @diljitdosanjh, Ila Arun, Alka Yagnik, Akshay & IP","730,347","4,487"
91,=,Natanael Cano - O Me Voy O Te Vas [Official Video],"726,828","1,862"
92,+13,a-ha - Take On Me (Official Video) [Remastered in 4K],"723,575","3,376"
93,-5,Coolio - Gangsta's Paradise (feat. L.V.) [Official Music Video],"721,448","4,367"
94,-5,Numb (Official Music Video) [4K UPGRADE] â Linkin Park,"715,670","3,001"
95,NEW,R O U N D 6 ï½ Alien Stage,"713,166","80,839"
96,-1,"Rema, Selena Gomez - Calm Down (Official Music Video)","711,875","3,490"
97,+15,4 Non Blondes - What's Up (Official Music Video),"704,025","2,449"
98,-13,Junior H - Y LLORO [Official Video],"701,065","2,098"
99,-38,Imagine Dragons - Eyes Closed (Official Music Video),"696,929","30,428"
100,NEW,Lil Mabu x DD Osama - EVIL EMPIRE (Official Music Video),"696,501","45,151"
101,+19,@raresmaris â Bogdan DLP - Guli Guli | BUZZ HOUSEÂ OST ð¯ Official Video,"691,078","2,756"
102,+13,"Grupo Firme - Gerardo Coronel ""El Jerry"" - QuÃ© Onda Perdida (Video Oficial)","686,933","1,217"
103,-11,Fuerza Regida - TU NAME [Official Video],"682,460","2,144"
104,-18,"Pressure9x19,AnuelAA,YovngChimi,Hades66,CDobleta,Luar La L-VVS SWITCH Remix (Official Video)","682,262","5,397"
105,+12,"Chencho Corleone, Peso Pluma - HUMO (Official Video)","682,039","23,570"
106,-26,Oscar Maydon x Gabito Ballesteros x Chino Pacas - Elvira [Official Video],"681,085","1,940"
107,-11,Tom Odell - Another Love (Official Video),"674,419","5,982"
108,-15,"â Kallo à¤à¤²à¥à¤²à¥ | Ajay Hooda (Official Video) Pooja Hooda,Pardeep | New Haryanvi Songs Haryanavi 2023","670,885","2,519"
109,-31,TINI - pa (Official Video),"668,259","18,152"
110,+8,Michael Jackson - Billie Jean (Official Video),"665,051","3,961"
111,-21,"ANIMAL:Pehle Bhi Main(Full Video) | Ranbir Kapoor,Tripti Dimri |Sandeep V |Vishal M,Raj S |Bhushan K","662,992","4,488"
112,+124,ZÃ© Neto e Cristiano - Barulho do Foguete - #Escolhas,"661,491","1,277"
113,-13,"Feid, ATL Jacob - LUNA (Official Video)","659,710","2,781"
114,-17,"Feid, ATL Jacob - Luna (Visualizer)","657,679","1,479"
115,-14,"Salastkbron, Diel Paris - Un Besito MÃ¡s (Video Oficial)","654,757","1,856"
116,-18,Eminem - Without Me (Official Music Video),"654,226","4,737"
117,+23,Ella Baila Sola - (Video Oficial) - Eslabon Armado y Peso Pluma - DEL Records 2023,"653,947","2,214"
118,+13,Chayanne - Bailando Bachata (Official Video),"650,611","1,760"
119,+226,Murilo Huff - Anestesiado (DVD FORTALEZA),"647,955","1,287"
120,-21,The Gummy Bear Song - Long English Version,"647,547","1,711"
121,-10,"JAWAN: Chaleya (Hindi) | Shah Rukh Khan | Nayanthara | Atlee | Anirudh | Arijit S, Shilpa R | Kumaar","638,992","2,028"
122,-14,"LA PEOPLE II (Video Oficial) - Peso Pluma, Tito Double P, Joel De La P","636,818","3,619"
123,-4,Nirvana - Smells Like Teen Spirit (Official Music Video),"636,487","4,539"
124,+53,Tha Mai Kalo Paidi Greek Gummy Bear Song GummibÃ¤r ÎÎ±' Î¼Î±Î¹ ÎºÎ±Î»Ï ÏÎ±Î¹Î´Î¯,"632,121",17
125,+17,Rag'n'Bone Man - Human (Official Video),"628,777","2,881"
126,+57,"VAMO DE PAGODIN / SAMBA DE MALANDRO - DJ WN, DJ GM, MC Paulin da Capital, Ryan SP, Piedro e Daniel","625,665","4,159"
127,+9,Akon - Smack That (Official Music Video) ft. Eminem,"624,931","4,727"
128,-21,ãããã / æè¡ãããã(official),"621,736",0
129,-45,"Poolamme Pilla | HanuMan (Telugu) | Prasanth Varma |Teja Sajja, Amritha | GowraHari | Kasarla Shyam","619,965","2,646"
130,+90,Simone Mendes - DOIS TRISTES (Cantando Sua HistÃ³ria),"618,970","3,105"
131,+30,KAROL G - Provenza (Official Video),"618,628","1,214"
132,+156,"Guilherme e Benuto, Simone Mendes - Manda um Oi | DVD Deu Rolo de Novo","618,558","1,232"
133,-51,"Shakira, Cardi B - PunterÃ­a (Official Video)","616,846","5,797"
134,+36,Los Ãngeles Azules - Nunca Es Suficiente ft. Natalia Lafourcade (Live),"615,475","1,347"
135,+6,Picus - SÃPER ULTRA MEGA (Video Oficial),"614,702","3,485"
136,-32,[FULL] 'ë¹ ëë SOLO' EP.5,"613,071","17,394"
137,-3,La Oreja de Van Gogh - Rosas (VÃ­deo Oficial),"609,889","1,309"
138,-3,"Shakira, Grupo Frontera - (Entre ParÃ©ntesis) (Official Video)","609,240","6,661"
139,-36,Dunki Drop 5: O Maahi | Shah Rukh Khan | Taapsee Pannu | Pritam | Arijit Singh | Irshad Kamil,"608,325","3,952"
140,-17,Taylor Swift - Blank Space,"608,096","2,624"
141,+40,Myke Towers - Lala (Video Oficial),"604,388","1,655"
142,-97,"Gaby Music, Anuel AA, Luar La L Ft. Lunay, Bryant Myers - No Te Quieren Conmigo | Remix","601,435","21,613"
143,+8,Katy Perry - Roar,"600,568","2,452"
144,+12,Tyla - Water (Official Music Video),"596,681","4,114"
145,=,Katy Perry - Dark Horse ft. Juicy J,"595,481","2,820"
146,-104,New Punjabi Songs 2024 | Dil Jeha Nahi Manda ( Official Video ) Gulab Sidhu | Diamond | Kiran Brar,"595,293","11,357"
147,+41,Mahmood - TUTA GOLD (Sanremo 2024),"594,353","2,255"
148,-2,BLACKPINK - 'How You Like That' DANCE PERFORMANCE VIDEO,"591,207","3,686"
149,=,Eminem - Mockingbird [Official Music Video],"586,037","6,995"
150,NEW,Young Miko - princess peach (Official),"585,884","47,331"
151,-25,CantaJuego - El Baile del Gorila,"581,084",663
152,+2,"MC KEVIN, MC IG, MC PH - DEUS, POR FAVOR (DJ WN) [FAIXA 6 TMOIG ?!%]","580,851","4,750"
153,-25,"Jhoome Jo Pathaan Song | Shah Rukh Khan, Deepika | Vishal & Sheykhar, Arijit Singh, Sukriti, Kumaar","579,385","1,705"
154,-29,"Billie Eilish, Khalid - lovely (Official Music Video)","577,383","4,894"
155,-17,"Bum Bum Bole (Full Song) Film - Taare Zameen Par |  Shaan, Aamir Khan","573,095","1,063"
156,+35,Cyndi Lauper - Girls Just Want To Have Fun (Official Video),"572,018","3,037"
157,+6,Imagine Dragons - Believer (Official Music Video),"570,399","3,325"
158,-44,"The Weeknd, JENNIE & Lily Rose Depp - One Of The Girls (Official Audio)","568,876","3,984"
159,-53,Smart,"568,783","3,761"
160,-21,"Future, Metro Boomin, Travis Scott, Playboi Carti - Type Shit (Official Video)Â","566,314","6,305"
161,-13,David Kushner - Daylight (Official Music Video),"566,301","5,229"
162,-35,Travis Scott - FE!N ft. Playboi Carti,"565,700","18,566"
163,-54,Al Shami - Sabran [Official Music Video] (2024) / Ø§ÙØ´Ø§ÙÙ - ØµØ¨Ø±Ø§Ù,"565,417","3,234"
164,-31,NUEVA VIDA (Lyric Video) - Peso Pluma,"565,276","1,536"
165,+51,"Los Ãngeles Azules, Maria Becerra - El Amor de Mi Vida","562,509","1,044"
166,+19,Amy Winehouse - Back To Black,"561,911","3,180"
167,-37,Passenger | Let Her Go (Official Video),"560,816","3,289"
168,-8,YOASOBIãã¢ã¤ãã«ã Official Music Video,"557,877","2,382"
169,-40,OneRepublic - Counting Stars,"556,904","2,671"
170,+9,twenty one pilots: Stressed Out [OFFICIAL VIDEO],"555,198","3,227"
171,-2,Major Lazer & DJ Snake - Lean On (feat. MÃ) (Official Music Video),"552,073","2,718"
172,-1,Maroon 5 - Girls Like You ft. Cardi B (Official Music Video),"548,948","1,900"
173,-29,Coldplay - Yellow (Official Video),"546,680","2,331"
174,+139,Maiara e Maraisa - Narcisista - Ao Vivo em Portugal,"546,441","1,295"
175,-38,#Video | à¤ªà¤à¤²à¥ à¤¦à¥à¤à¤¾à¤µà¥ à¤à¤à¤°à¤¬à¤¤à¥à¤¤à¥ | #Neelkamal Singh | Pagli Dekhave Agarbatti | #Bhojpuri Song,"545,556","1,556"
176,-14,"Tere Hawaale (Full Video) Laal Singh Chaddha | Aamir,Kareena | Arijit,Shilpa | Pritam,Amitabh,Advait","543,921","3,200"
177,+562,Tayrone - CÃª TÃ¡ Preparada (Ao Vivo Em GoiÃ¢nia / 2021) ft. MarÃ­lia MendonÃ§a,"542,368",663
178,-146,TINI - posta (Official Video),"541,944","21,556"
179,+102,KAKA New Punjabi Song - Mitti De Tibbe (Official Video) | Afsha Khan | Latest Punjabi Songs 2022,"541,859","4,171"
180,-7,Carin Leon - Primera Cita [Official Video],"541,856","1,250"
181,-31,"Naina | Crew | Diljit Dosanjh, Ft. Badshah | Tabu, Kareena Kapoor Khan, Kriti Sanon | Raj Ranjodh","535,376","4,208"
182,=,Natti Natasha - Ya No Te ExtraÃ±o [Official Video],"534,878",256
183,+9,AC/DC - Thunderstruck (Official Video),"534,093","2,495"
184,-16,Jennifer Lopez - On The Floor ft. Pitbull,"533,822","2,604"
185,-75,SAKOON (Official Video) | Tippu Sultan | Latest Punjabi Songs 2024 | T-Series,"530,126",267
186,-8,"Por Mi Mexico Remix ð²ð½ - Lefty SM, Santa Fe Klan, Dharius, C-Kan, MC Davo & Neto PeÃ±a","529,958","2,301"
187,+18,Lady Gaga - Bloody Mary (TikTok Remix | Speed Up) | Wednesday Dance Scene,"529,896","2,253"
188,-33,iÃ±igo quintero - Si No EstÃ¡s (Letra Oficial),"528,631","2,433"
189,+4,Alan Walker - Faded,"524,483","3,804"
190,-69,Gabito Ballesteros x Natanael Cano - El Boss (Official Video),"523,168","3,106"
191,-75,"LA RANGER - Sech, Justin Quiles, Lenny TavÃ¡rez, Dalex, Dimelo Flow (feat. Myke Towers)","521,791","5,520"
192,-35,90 - 90 Nabbe Nabbe - Gippy Grewal & Jasmine Sandlas | Sargun Mehta | Roopi Gill | New Song 2024,"520,426","3,574"
193,-28,Charlie Puth - We Don't Talk Anymore (feat. Selena Gomez) [Official Video],"519,151","2,383"
194,+195,ZÃ© Neto e Cristiano - PÃ¡tio do Posto - #Escolhas,"518,618",790
195,+4,Bruno Mars - The Lazy Song (Official Music Video),"517,144","2,562"
196,-64,Like That,"516,893","8,570"
197,-45,Eminem - Love The Way You Lie ft. Rihanna,"516,370","2,517"
198,-9,Nelly - Dilemma (Official Music Video) ft. Kelly Rowland,"514,276","2,174"
199,+3,"Feid, Young Miko - Classy 101 (Official Video)","514,225","1,107"
200,+28,Grupo Frontera x Ke Personajes - OJITOS ROJOS (Video Oficial),"512,214","1,041"
201,-58,Hozier - Too Sweet (Official Lyric Video),"511,824","9,600"
202,-12,Dua Lipa - New Rules (Official Music Video),"511,477","2,263"
203,+20,Calibre 50 - Si Te Pudiera Mentir (LETRA),"509,283",876
204,-45,"ANIMAL: SATRANGA(Song) Ranbir Kapoor,Rashmika|Sandeep V|Arijit,Shreyas P,Siddharth-Garima |Bhushan K","508,881","2,963"
205,+147,Ke Personajes Ft  Onda Sabanera | Pobre CorazÃ³n,"505,350",710
206,-42,Keane - Somewhere Only We Know (Official Music Video),"504,631","3,735"
207,-60,SÆ N TÃNG M-TP | CHÃNG TA Cá»¦A TÆ¯Æ NG LAI | OFFICIAL MUSIC VIDEO,"504,400","1,776"
208,-14,"OA -  Anuel AA, Quevedo, Maluma Feat. DJ Luian, Mambo Kingz (Video Oficial)","504,302","1,566"
209,+23,"à¤¸à¤à¤à¤à¤®à¥à¤à¤¨ à¤¹à¤¨à¥à¤®à¤¾à¤¨ à¤à¤·à¥à¤à¤, Sankat Mochan Hanuman Ashtak,HARIHARAN,Hindi, English Lyrics, Hanuman Chalisa","503,626","1,076"
210,+31,Madonna - La Isla Bonita (Official Video),"501,929","2,155"
211,-24,YOUNG MIKO || BZRP Music Sessions #58,"501,926","2,496"
212,+22,Maroon 5 - Sugar (Official Music Video),"498,734","1,864"
213,+16,Darell - Lollipop (Official Video),"498,499","1,188"
214,-19,Gotye - Somebody That I Used To Know (feat. Kimbra) [Official Music Video],"497,470","5,475"
215,+58,I Don't Want To Talk About It (from One Night Only! Rod Stewart Live at Royal Albert Hall),"496,681","1,622"
216,+23,Aqua - Barbie Girl (Official Music Video),"493,186","1,571"
217,-21,BLACKPINK - âPink Venomâ M/V,"492,422","2,562"
218,+49,Grupo Frontera - NO SE VA (Video Oficial),"492,304","1,147"
219,NEW,"LATTE -  Dalex, Lenny TavÃ¡rez, Sech, Justin Quiles, Dimelo Flow (feat. Maria Becerra)","491,087","30,151"
220,+49,"Hugo e Guilherme, Maiara e Maraisa - Morena de GoiÃ¢nia | DVD 062","490,015","1,333"
221,-41,"Ram Siya Ram (Lyrical) Adipurush | Prabhas | Sachet-Parampara,Manoj Muntashir S |Om Raut | Bhushan K","489,931","2,471"
222,+33,Whitney Houston - I Will Always Love You (Official 4K Video),"487,199","2,350"
223,+236,"Israel & Rodolffo, @MariFernandez - Seu Brilho Sumiu  (Let's Bora)","486,087",539
224,-40,"Gaby Music, Lunay, Luar La L - No Te Quieren Conmigo (Official Video)","483,688","1,415"
225,+33,"JERE KLEIN FT NICKOOG CLK, LUCKY BROWN, EL BAI - PRINCESITA DE ..... (VIDEO OFICIAL) | ENFASIS","482,091",0
226,-20,Sia - Unstoppable (Official Video - Live from the Nostalgic For The Present Tour),"480,891","2,448"
227,=,LEO - Naa Ready Song Video | Thalapathy Vijay | Lokesh Kanagaraj | Anirudh Ravichander,"479,429","1,840"
228,-21,George Michael - Careless Whisper (Official Video),"479,086","4,029"
229,-62,Patati PatatÃ¡ - Minhoca (DVD O Melhor da PrÃ©-escola),"478,992",121
230,-44,Justin Bieber - Baby ft. Ludacris,"478,373","3,841"
231,-55,Ve Kamleya | Rocky Aur Rani Kii Prem Kahaani | Ranveer | Alia | Pritam | Amitabh | Arijit | Shreya,"478,262","4,083"
232,+53,KAROL G - AMARGURA (En Vivo),"471,993","1,211"
233,+14,"Maria Becerra, Ivy Queen - PRIMER AVISO (Official Video)","471,348","2,851"
234,+12,La Bachata - MTZ Manuel Turizo | Video Oficial,"470,885","1,332"
235,-25,Backstreet Boys - I Want It That Way (Official HD Video),"469,791","2,065"
236,+6,"KAROL G, TiÃ«sto - CONTIGO (Official Video)","469,260","2,422"
237,+8,"Shenseea - Hit & Run ft. Masicka, Di Genius","468,572","3,295"
238,-26,Stephen Sanchez - Until I Found You (Official Video),"464,909","3,833"
239,-31,Tá»ªNG LÃ - VÅ¨ CÃT TÆ¯á»NG | OFFICIAL,"463,860","1,383"
240,+21,Bon Jovi - Livin' On A Prayer,"463,824","1,939"
241,+21,Daddy Yankee & Snow - Con Calma (Video Oficial),"463,801","2,089"
242,-42,"Trueno, Nicki Nicole, Bizarrap - MAMICHULA","463,537","1,594"
243,-32,ì êµ­ (Jung Kook) 'Seven (feat. Latto)' Official MV,"462,945","2,593"
244,+36,The Police - Every Breath You Take (Official Music Video),"462,906","2,251"
245,+81,"Yandel, Feid  - Yandel 150 (Video Oficial)","462,313",765
246,-32,Lukas Graham - 7 Years [Official Music Video],"460,325","5,106"
247,-50,Fuerza Regida - EXCESOS [Video Oficial],"460,004","1,112"
248,-29,Evanescence - Bring Me To Life (Official HD Music Video),"459,444","2,884"
249,+594,"Grupo Menos Ã© Mais, LuÃ­sa Sonza - MemÃ³rias (Clipe Oficial)","459,401","1,676"
250,-76,KISS OF LIFE (í¤ì¤ì¤ë¸ë¼ì´í) 'Midas Touch' Official Music Video,"458,698","25,148"
251,-13,KAROL G - Amargura (Visualizer),"457,588",926
252,+133,"Jorge & Mateus, Lauana Prado - HaverÃ¡  Sinais (Clipe Oficial)","457,454","1,353"
253,+196,Hugo e Guilherme - Vazou na Braquiara | DVD 062,"455,127","1,084"
254,-17,DJ Snake - Let Me Love You ft. Justin Bieber,"451,262","2,317"
255,-30,BeyoncÃ© - TEXAS HOLD 'EM (Official Visualizer),"451,242","4,108"
256,-30,Dua Lipa - Houdini (Official Music Video),"450,720","2,017"
257,-44,KOKA (Official Video) Mankirt Aulakh | Simar Kaur | Pranjal Dahiya | New Punjabi Song 2023,"450,446","2,012"
258,+17,JISOO - âê½(FLOWER)â M/V,"450,080","2,756"
259,-56,"Tujh Mein Rab Dikhta Hai Song | Rab Ne Bana Di Jodi | Shah Rukh Khan, Anushka Sharma | Roop Kumar","450,060","2,426"
260,-4,Aventura - Ella y Yo (ft. Don Omar),"449,636","1,279"
261,+31,Carin Leon x Grupo Frontera - QUE VUELVAS (Video Oficial),"448,302","1,022"
262,+25,"Apna Bana Le - Bhediya | Varun Dhawan, Kriti Sanon| Sachin-Jigar, Arijit Singh, Amitabh Bhattacharya","448,200","1,587"
263,-12,"Stray Kids ""ë½ (æ¨) (LALALALA)"" M/V","447,227","3,463"
264,-66,ÙØ±Ø­Ø© ÙÙØ¯ÙÙØ© | Ø³ÙØ¯ ÙØ§ÙØ¯ Ø§ÙÙÙØ³ÙÙ | Video Clip 2023,"446,640","1,183"
265,-11,Lady Gaga - Poker Face (Official Music Video),"446,023","2,381"
266,=,"Jhay Cortez, J. Balvin, Bad Bunny - No Me Conoce (Remix)","442,513",963
267,+242,Ana Castela - Solteiro ForÃ§ado (DVD Boiadeira Internacional),"442,023","1,791"
268,-50,BABYMONSTER - 'BATTER UP' M/V,"440,935","3,607"
269,-38,"Kany GarcÃ­a, Carin Leon - Te Lo Agradezco (Official Video)","440,848","1,068"
270,=,Modern Talking - Cheri Cheri Lady (Official Music Video),"440,740","6,140"
271,+45,Annalisa - Sinceramente (Official Video - Sanremo 2024),"440,375","1,395"
272,+155,GloRilla - Yeah Glo! (Official Music Video),"439,945","4,838"
273,-21,(ì¬ì)ìì´ë¤((G)I-DLE) - 'ëë ìí ê±´ ë± ì§ìì´ëê¹(Fate)' LIVE CLIP,"439,097","5,199"
274,+53,Zum Zum Zum Zum Zum - Yasmin Verissimo - MÃºsica Educativa Dengue,"438,585",898
275,-16,SOFTLY (Official Music Video) KARAN AUJLA | IKKY | LATEST PUNJABI SONGS 2023,"437,910","1,848"
276,-55,Melendi - Destino o Casualidad ft. Ha*Ash,"437,867",805
277,-210,ãå¬å¼ãä¸­æ£®æèãTATTOO-JAZZ-ã,"437,523","10,383"
278,-43,Ed Sheeran - Thinking Out Loud (Official Music Video),"437,100","1,801"
279,-22,aespa ìì¤í 'Drama' MV,"436,810","3,319"
280,-40,The Weeknd - Starboy ft. Daft Punk (Official Video),"436,802","2,668"
281,-33,(ì¬ì)ìì´ë¤((G)I-DLE) - 'Super Lady' Official Music Video,"436,158","2,779"
282,-33,Doja Cat - Paint The Town Red (Official Video),"435,501","2,642"
283,-79,"The Weeknd, JENNIE, Lily-Rose Depp - One Of The Girls (Official Video)","434,717","4,262"
284,+54,Bad Bunny ft. Chencho Corleone - Me Porto Bonito (Video Oficial) | Un Verano Sin Ti,"433,618","1,042"
285,+50,"Maria Becerra, Chencho Corleone, Ovy On The Drums - PISCINA (Official Video)","432,274",714
286,+20,"Usher - Yeah! (Official Video) ft. Lil Jon, Ludacris","431,235","2,517"
287,+520,Gusttavo Lima - Canudinho Part. Ana Castela | DVD ParaÃ­so Particular,"431,231","1,004"
288,+15,Clean Bandit - Rockabye (feat. Sean Paul & Anne-Marie) [Official Video],"430,779","2,078"
289,-36,Cris MJ - DAYTONA (Video Oficial) | Partyson,"429,744","1,378"
290,+5,"Lady Gaga, Bradley Cooper - Shallow (from A Star Is Born) (Official Music Video)","427,812","1,290"
291,+86,Lil Nas X - Old Town Road (Official Video) ft. Billy Ray Cyrus,"427,331","2,903"
292,+220,LUDMILLA - Falta de Mim (feat. Mari Fernandez) - Numanice #3,"427,094","1,739"
293,-92,EASY,"422,014","1,762"
294,-70,Guli Mata - Saad Lamjarred | Shreya Ghoshal | Jennifer Winget | Anshul Garg,"421,423","3,135"
295,+5,Queen â Bohemian Rhapsody (Official Video Remastered),"420,508","2,861"
296,+47,Marshmello - Alone (Official Music Video),"420,251","3,960"
297,-29,Maria MarÃ§al - Deixa (Clipe Oficial MK Music),"419,739","1,321"
298,+119,"Luck Ra, Abel Pintos - QUE ME FALTE TODO","419,191",548
299,-56,Namo Namo - Lyrical | Kedarnath | Sushant Rajput | Sara Ali Khan | Amit Trivedi | Amitabh B,"417,966","1,672"
300,+51,Ayra Starr - Rush (Official Music Video),"417,919","1,601"
301,-15,SHAKIRA || BZRP Music Sessions #53,"417,323","1,579"
302,-24,"Shawn Mendes, Camila Cabello - SeÃ±orita","417,263","2,149"
303,-21,Gianluca Grignani - Mi Historia Entre Tus Dedos (HD),"416,154","1,220"
304,-60,"Kali Uchis, Peso Pluma - Igual Que Un Ãngel","415,256","1,941"
305,-41,Coldplay - Hymn For The Weekend (Official Video),"415,010","2,923"
306,-16,Natti Natasha â Ozuna - Criminal [Official Video],"414,682","1,413"
307,-28,"The Kid LAROI, Justin Bieber - STAY (Official Video)","413,466","2,586"
308,-36,Heeriye (Official Video) Jasleen Royal ft Arijit Singh| Dulquer Salmaan| Aditya Sharma |Taani Tanvir,"413,352","1,438"
309,+2,The Cranberries - Zombie (Official Music Video),"413,130","2,030"
310,-27,BLACKPINK - âShut Downâ M/V,"413,068","2,455"
311,-46,Christian Nodal - Ya No Somos Ni Seremos (Letra / Lyrics),"411,519",560
312,-218,"SET WESLEY ALEMÃO 2-GM,Oldilla,Lipi,Paulin,Paiva,Kadu,Djonga,Hungria,Lele,Gabb,Marks,Ryan,Piedro,JVT","411,445","17,816"
313,-37,"ANIMAL: Saari Duniya Jalaa Denge (Film Version) Ranbir K, Bobby D, Sandeep, B Praak,Jaani, Bhushan K","411,179","2,769"
314,-17,"Geolier, Ultimo - L'ULTIMA POESIA (Official Video)","410,803","2,108"
315,+52,"Bad Gyal, Young Miko, Tokischa - Chulo pt.2 - (Official Video)","410,289","1,143"
316,-17,Audioslave - Like a Stone (Official Video),"409,388","1,398"
317,-9,"Xavi, Tony Aguirre - Modo DND (Official Video)","409,292","1,449"
318,-44,Pharrell Williams - Happy (Video),"407,971","2,802"
319,-35,Shakira - Hips Don't Lie (Official 4K Video) ft. Wyclef Jean,"407,836","1,991"
320,+44,"Vem Desestressar - MC PH, Vulgo FK, Veigh (Video Clipe) [OCDM 2]","407,745","23,517"
321,-71,Cris MJ - Que Hay Amor (Video Oficial),"407,357","16,042"
322,+3,BLACKPINK - 'Kill This Love' M/V,"407,119","2,765"
323,-101,Adele - Someone Like You (Official Music Video),"406,506","1,703"
324,-107,çå½å°±åæµæä¸éå³éâ¦ãç¶æé¢éä»¥å¾ãé»æå¿ @Weenomenon æåé½æ¯é»æå¿ 2023,"405,493","3,003"
325,+508,Gusttavo Lima - DESEJO IMORTAL (Ao vivo no MineirÃ£o),"405,360",843
326,NEW,Simone Mendes - ERRO GOSTOSO (DVD CINTILANTE),"404,235",876
327,NEW,"MC JACARÃ, LUAN PEREIRA - SENTA PRO BRUTO (Clipe Oficial)","400,806","25,670"
328,+211,"Ana Castela ft. @alok, @OficialHungria  - Lua (DVD Boiadeira Internacional)","400,017","1,465"
329,+43,"Pedro CapÃ³, Farruko - Calma (Remix - Official Video)","399,435","1,574"
330,-11,Miyagi & Ð­Ð½Ð´ÑÐ¿Ð¸Ð»Ñ feat. Ð ÐµÐ¼ ÐÐ¸Ð³Ð³Ð° - I Got Love (Official Video),"399,262","1,137"
331,-2,Fugees - Killing Me Softly With His Song (Official Video),"398,736","2,001"
332,-174,"MORGENSHTERN - ÐÐ¾ÑÐ»ÐµÐ´Ð½ÑÑ ÐÑÐ±Ð¾Ð²Ñ (Official Video, 2024)","397,576","16,466"
333,+91,Abba - Dancing Queen (Official Music Video Remastered),"397,217","1,752"
334,-45,Christina Perri - A Thousand Years [Official Music Video],"396,588","2,689"
335,+146,"Luck Ra, BM - LA MOROCHA","396,311",816
336,-45,21 Savage - redrum (Official Music Video),"395,829","4,483"
337,-74,Lyrical: Chammak Challo | Ra One | ShahRukh Khan | Kareena Kapoor,"395,271","2,000"
338,+231,MarÃ­lia MendonÃ§a - LeÃ£o - Decretos Reais,"395,248",999
339,-5,"Becky G, Bad Bunny - Mayores (Official Video)","394,688","1,218"
340,-7,Mary J. Blige - Family Affair (Official Music Video),"394,042","2,576"
341,-37,LP - Lost On You (Live),"393,887","1,691"
342,+12,Jack Harlow - Lovin On Me [Official Music Video],"393,302","2,776"
343,-83,Maher Zain - Rahmatun LilâAlameen (Official Music Video) ÙØ§ÙØ± Ø²ÙÙ - Ø±Ø­ÙØ©Ù ÙÙØ¹Ø§ÙÙÙÙ,"391,608","4,531"
344,-35,"ANIMAL: ABRARâS ENTRY - JAMAL KUDU(Full Video) |Ranbir Kapoor,Bobby Deol |Sandeep Vanga |Bhushan K","391,527","1,820"
345,-74,Flowers,"391,465","2,158"
346,+2,"Myke Towers, Farruko, Arcangel, Sech & Zion - Si Se Da Remix (Video Oficial)","391,318",834
347,-33,Glass Animals - Heat Waves (Official Video),"391,250","2,661"
348,+13,Shakira - AcrÃ³stico (Official Video),"391,060","1,267"
349,-47,KAROL G - EL BARCO,"390,305",594
350,+12,Cris MJ - Daytona (Visualizer) | Partyson,"390,117","1,299"
351,+36,Sean Kingston - Beautiful Girls (Official HD Video),"389,890","1,959"
352,+5,"Alex Rose  ft. Cazzu, Lenny Tavarez, Lyanno & Rauw Alejandro - Toda (Remix) [Video Oficial]","386,993","1,055"
353,-22,Anitta - Envolver [Official Music Video],"386,493","1,221"
354,+42,BAD BUNNY x JHAY CORTEZ - DÃKITI (Video Oficial),"384,917","1,065"
355,-15,"Enrique Iglesias - Bailando ft. Descemer Bueno, Gente De Zona","382,928","1,927"
356,-6,Britney Spears - ...Baby One More Time (Official Video),"382,780","2,160"
357,-127,"LIT killah, Milo J, Ronny J - Carta de Despedida (Official Video)","382,686","5,044"
358,+57,Rauw Alejandro - DILUVIO (Official Video),"381,926","1,062"
359,-65,Coldplay - Paradise (Official Video),"381,668","1,493"
360,+92,Elton John - Sacrifice,"381,665","1,429"
361,-84,Ð¯ ÐÐ¸ÑÐºÐ° ÐÑÐ¼Ð¼Ð¸ ÐÐµÑ HD - Long Russian Version - 10th Anniversary Gummy Bear Song,"381,536",564
362,-21,REGGAETON CHAMPAGNE - Bellakath ft Dani Flow (Video Oficial),"381,308","2,457"
363,-46,LE SSERAFIM (áá³áá¦áá¡ááµá·) 'EASY' OFFICIAL MV,"380,956","3,342"
364,+33,"Gerardo Coronel ""El Jerry""  - Te felicito  [Video Oficial 2022]","380,160",799
365,-50,"Chal Tere Ishq Mein (Female)- Gadar 2 |Utkarsh Sharma,Simratt Kaur |Vishal M,Mithoon,Neeti,Sayeed","379,629","3,248"
366,+42,Coldplay - Adventure Of A Lifetime (Official Video),"379,240","1,940"
367,-11,Indila - DerniÃ¨re Danse (Clip Officiel),"377,816","3,971"
368,-56,P!nk - Just Give Me A Reason ft. Nate Ruess,"377,601","1,054"
369,-23,BTS (ë°©íìëë¨) 'Dynamite' Official MV,"377,192","2,991"
370,-10,The Verve - Bitter Sweet Symphony,"377,142","1,710"
371,-27,FROZEN | Let It Go Sing-along | Official Disney UK,"376,310",804
372,-51,"Where You Are (From ""Moana""/Sing-Along)","375,513",858
373,+5,Mon Laferte - Tu Falta De Querer (En Vivo),"375,366",721
374,-32,Maluma - Sobrio (Official Video),"373,560",500
375,-10,Florin Cercel - Ce Èi-am spus eu LIVE  2024,"372,647","2,022"
376,+56,Taylor Swift - You Belong With Me,"372,323","1,754"
377,-59,YOASOBIãåèã Official Music Videoï¼TVã¢ãã¡ãè¬éã®ããªã¼ã¬ã³ããªã¼ããã³ã°ãã¼ã,"372,085","1,879"
378,-212,Luv N Luv (Official Video) | Navaan Sandhu | New Punjabi Songs 2024 | Latest Punjabi Songs 2024,"372,023",642
379,+51,"TINI, Maria Becerra - MiÃ©nteme (Video Oficial)","371,208","1,017"
380,+45,"Enrique Iglesias, Maria Becerra - ASI ES LA VIDA (Official Video)","371,007","1,058"
381,+53,Lady Gaga - Bad Romance (Official Music Video),"369,730","1,960"
382,-9,Rihanna - Umbrella (Orange Version) (Official Music Video) ft. JAY-Z,"369,675","1,444"
383,NEW,BABYMONSTER - âLIKE THATâ (Official Audio),"369,608","24,010"
384,+164,Oruam ft. Didi - RolÃ© na favela de Nave (Prod. LC da RoÃ§a),"369,280","2,187"
385,+57,"ArcÃ¡ngel, Sech - Sigues Con Ãl (Video Oficial)","369,234",686
386,+173,ManÃ¡ & Alejandro FernÃ¡ndez - Mariposa Traicionera (Video Oficial),"368,262",595
387,-32,"LADY GAGA (Video Oficial) - Peso Pluma, Gabito Ballesteros, Junior H","367,739",985
388,-49,In The End [Official HD Music Video] - Linkin Park,"367,704","2,672"
389,+13,"Dalex - Hola Remix ft. Lenny TavÃ¡rez, Chencho Corleone, Juhn ""El All Star"" (Video LÃ­rico Oficial)","367,650",949
390,-43,Luiz Ejlli - Kce,"367,638",549
391,-33,LISA - 'MONEY' EXCLUSIVE PERFORMANCE VIDEO,"367,496","2,391"
392,+99,Kylie Minogue - Can't Get You Out Of My Head (Official Video),"367,442","2,082"
393,+18,ãAdoã å±,"367,375","1,143"
394,-96,Piso 21 - DÃ©jala Que Vuelva (feat. Manuel Turizo) [Video Oficial],"366,878",635
395,+3,Taylor Swift - Shake It Off,"366,507","1,824"
396,-89,Chris Brown - Angel Numbers / Ten Toes (Official Video),"365,218","3,265"
397,+21,"The Weeknd, Ariana Grande - Die For You (Remix / Lyric Video)","364,746","1,126"
398,-32,"Chris Jedi, Gaby Music, Dei V, Anuel, Ozuna - BAD BOY (Official Video) ft. Anuel AA, Ozuna","364,316","1,265"
399,-71,"Naacho Naacho (Full Video) RRR - NTR, Ram Charan | M M Kreem | SS Rajamouli | Vishal Mishra & Rahul","364,231",904
400,-8,Amenazzy ft. Lary Over - Solo (Video Oficial),"364,130","1,408"
401,+50,Guns N' Roses - November Rain,"363,909","1,470"
402,NEW,Ed Sheeran meets Shubman Gill & Tanmay Bhat,"363,672","27,056"
403,+79,Marshmello ft. Bastille - Happier (Official Music Video),"363,497","2,570"
404,-68,MAGIC! - Rude (Official Video),"362,919","1,614"
405,-30,DON XHONI x DHURATA DORA - LEJ,"362,819",684
406,+435,"Fer Vazquez, Flor Alvarez - Sin Querer (Video Oficial)","362,722",535
407,+48,Fuerza Regida X Edgardo NuÃ±ez - Billete Grande (En Vivo 2022),"362,667",922
408,-27,Don Omar - Taboo,"362,471","1,198"
409,+27,Cardi B - Enough (Miami) [Official Music Video],"362,220","3,868"
410,-11,Myke Towers - LA FALDA (Video Oficial),"361,973","1,776"
411,-58,"Rompe La Dompe (Video Oficial) - Peso Pluma, Junior H, Oscar Maydon","361,877",906
412,-28,"Cartel de Santa, La Kelly - Shorty Party (Video Oficial)","361,775","1,210"
413,+6,"Cris MJ, Dei V - DiabÃ³lica (Visualizer) | Partyson","361,637","1,548"
414,-118,"Mueka, Cosculluela - DM (Video Oficial)","360,521","1,284"
415,+138,Bonnie Tyler - Total Eclipse of the Heart (Turn Around) (Official Video),"360,135","2,047"
416,-45,Hass Hass (Official Video) Diljit X Sia,"360,129","1,909"
417,+75,"Geolier - I Pâ ME, TU Pâ TE (Official Video - Sanremo 2024)","359,290",907
418,+11,System Of A Down - Toxicity (Official HD Video),"358,900","1,565"
419,-25,"Tainy, Anuel AA, Ozuna - Adicto (Official Video)","358,670",918
420,-100,HA-ASH - Lo AprendÃ­ de Ti (Primera Fila - Hecho Realidad [En Vivo]),"358,470",566
421,-116,V âFRI(END)Sâ Official MV,"358,289","6,379"
422,-90,Fifth Harmony - Work from Home (Official Video) ft. Ty Dolla $ign,"358,229","1,264"
423,-7,"Bryant Myers ft. Anonimus, Anuel AA y Almighty - Esclava Remix (Video Oficial)","358,042","1,451"
424,-3,Dr. Dre - Still D.R.E. ft. Snoop Dogg,"357,728","2,265"
425,-56,"Main Nikla Gaddi Leke | Gadar 2 | Sunny Deol, Ameesha P, Utkarsh| Mithoon, Udit N, Aditya N| Uttam S","357,662",980
426,+108,TONES AND I - DANCE MONKEY (OFFICIAL VIDEO),"357,504","1,821"
427,-126,Anne-Marie & James Arthur - Rewrite The Stars [from The Greatest Showman: Reimagined],"357,364","1,743"
428,+19,"Los Del Espacio - LIT killah, Duki, Emilia, Tiago PZK, FMK, Rusherking, Maria Becerra, Big One","357,326",819
429,-61,Calle 24 x Chino Pacas x Fuerza Regida - Que Onda ( Official Video ),"357,080",573
430,-100,ME:I (ãã¼ã¢ã¤) â¹ 'Click' Official MV,"356,602","1,762"
431,-107,Ricardo Arjona - Fuiste tÃº feat. Gaby Moreno (Video Oficial),"356,585",772
432,+159,AgroPlay VerÃ£o - Nosso Quadro @anacastelaoficial,"356,375","1,494"
433,-47,Chris Brown - Under The Influence (Official Video),"355,659","1,721"
434,-24,Justin Bieber - Sorry (PURPOSE : The Movement),"355,467","1,582"
435,-142,Camila Cabello - I LUV IT Feat. Playboi Carti (Official Music Video),"355,132","7,584"
436,-261,Jay Wheeler - Otro MÃ¡s (Official Visualizer),"355,063",762
437,-49,Eden MuÃ±oz - Como En Los Viejos Tiempos (Video Oficial),"355,009","1,129"
438,+92,"KAROL G, Mariah Angeliq - EL MAKINON (Official Video)","354,063",845
439,+35,Richard Marx - Right Here Waiting (Official Music Video),"353,923","1,924"
440,+44,Dire Straits - Sultans Of Swing (Official Music Video),"353,702","1,454"
441,-118,Pablo AlborÃ¡n - Saturno (Videoclip Oficial),"353,620","1,327"
442,+41,R.E.M. - Losing My Religion (Official HD Music Video),"353,012","1,244"
443,+20,Toto - Africa (Official HD Video),"352,737","1,418"
444,-21,Crazy Frog - Tricky (Official Video),"352,199",623
445,-42,"ANIMAL: ARJAN VAILLY | Ranbir Kapoor | Sandeep Vanga | Bhupinder B, Manan B | Bhushan K","352,013","1,583"
446,-72,Arabic Kuthu - Video Song | Beast | Thalapathy Vijay | Pooja Hegde | Sun Pictures | Nelson | Anirudh,"351,721","1,432"
447,+86,Creedence Clearwater Revival - Have You Ever Seen The Rain (Official),"351,664","1,836"
448,-11,Nelly Furtado - Say It Right (Official Music Video),"351,412","1,639"
449,+115,Ghali - CASA MIA (Official Video - Sanremo 2024),"351,082","1,439"
450,-9,ChikÃ© & Mohbad - Egwu (Official Video),"350,711","2,297"
451,+35,Michael Jackson - Smooth Criminal (Official Video),"350,467","3,551"
452,+9,Maria Becerra - CORAZÃN VACÃO (Official Video),"350,156",675
453,-77,JAILER - Kaavaalaa Video Song | Superstar Rajinikanth | Sun Pictures | Anirudh | Nelson | Tamannaah,"349,870",875
454,-105,twenty one pilots: Heathens (from Suicide Squad: The Album) [OFFICIAL VIDEO],"349,469","2,129"
455,-72,"Zihaal e Miskin (Video) Javed-Mohsin | Vishal Mishra, Shreya Ghoshal | Rohit Z, Nimrit A | Kunaal V","349,337","2,287"
456,-36,Coke Studio | Season 14 | Pasoori | Ali Sethi x Shae Gill,"348,823","1,190"
457,-304,ì°ê¸°(YUQI) - 'Could It Be' Official Music Video,"347,450","38,863"
458,+44,"Peso Pluma, Natanael Cano - PRC (Video Oficial)","344,819","1,130"
459,+21,Feid - Normal (Official Video),"343,856",685
460,-17,ZAYN - Dusk Till Dawn (Official Video) ft. Sia,"343,854","2,096"
461,-15,Bryan Adams - (Everything I Do) I Do It For You,"343,348","1,876"
462,-56,Harry Styles - Sign of the Times (Official Video),"343,312","1,565"
463,+25,Una Lady Como TÃº - MTZ Manuel Turizo | Video Oficial,"342,954",886
464,+46,Europe - The Final Countdown (Official Video),"342,764","1,724"
465,-128,à¸§à¹à¸²à¸§ - à¸¡à¸µà¸à¸à¸£à¸² à¸­à¸´à¸à¸à¸´à¸£à¸²ãOFFICIAL MVã,"342,699","1,281"
466,+55,"Oruam ft. Chris MC, WIU - PARA DE MENTIR (prod. Portugal, Galdino)","342,536","1,386"
467,+484,Gusttavo Lima - Termina Comigo Antes  (Ao Vivo em Porto Alegre),"341,768",488
468,+25,Gorillaz - Feel Good Inc. (Official Video),"339,839","2,365"
469,-11,JENNIE - âYou & Meâ DANCE PERFORMANCE VIDEO,"339,697","2,123"
470,-65,Natanael Cano - Mas Altas Que Bajadas,"339,668","1,312"
471,NEW,Gustavo Mioto - Voltando Pra Mim (Clipe Oficial),"339,143",716
472,-79,The Chainsmokers - Closer (Lyric) ft. Halsey,"338,876","1,378"
473,-16,BLACKPINK - âëëëë (DDU-DU DDU-DU)â M/V,"338,787","2,435"
474,-67,Eminem - The Real Slim Shady (Official Video - Clean Version),"338,565","2,828"
475,-37,LE SSERAFIM (ë¥´ì¸ë¼í) âSmartâ Special Performance Video,"337,817","3,423"
476,+41,(ì¬ì)ìì´ë¤((G)I-DLE) - 'í¸ì¹´ (Queencard)' Official Music Video,"337,369","2,066"
477,+41,"KAROL G, Maldy - GatÃºbela (Official Video)","337,028",701
478,-119,Jaragandi - Lyrical Video | Game Changer | Ram Charan | Kiara Advani | Shankar | Thaman S,"336,192","2,086"
479,-29,Don Omar - Danza Kuduro ft. Lucenzo,"335,977","2,117"
480,-3,Marc Anthony - Flor PÃ¡lida (Official Video),"335,415",536
481,-50,"Luis Ãngel GÃ³mez Jaramillo, Gael GarcÃ­a Bernal - Un Poco Loco (De ""Coco"")","335,255",583
482,+448,"La Konga, Luck Ra, Ke Personajes - YA NO VUELVAS (Video Oficial)","335,175",537
483,-93,David Guetta - Titanium ft. Sia (Official Video),"335,043","1,518"
484,-11,Romeo Santos - Propuesta Indecente (Official Video),"334,824","1,234"
485,-72,Tate McRae - greedy (Official Video),"334,208","2,256"
486,-14,French Montana - Unforgettable ft. Swae Lee,"334,185","1,597"
487,-52,"Tum Tum - Video Song | Enemy (Tamil) | Vishal,Arya | Anand Shankar | Vinod Kumar | Thaman S","333,469",935
488,-62,Dil Laga Liya - Full Video | Dil Hai Tumhaara | Preity & Arjun Rampal | Alka Yagnik & Udit Narayan,"332,989","1,564"
489,-33,"The Weeknd, Madonna, Playboi Carti - Popular (Official Music Video)","332,753","3,490"
490,-89,Bruno Mars - Thatâs What I Like [Official Music Video],"332,752","1,976"
491,+69,Sia - Cheap Thrills (Performance Edit),"332,069","1,735"
492,+28,"OFFICIAL Somewhere over the Rainbow - Israel ""IZ"" KamakawiwoÊ»ole","331,967","2,258"
493,-130,Bruno Mars - Just The Way You Are (Official Music Video),"331,419","1,496"
494,-429,BALCONY (Official Video) | Bunny Johal | Jassi X | Arjan Virk | Latest Punjabi Songs 2024,"331,205",541
495,-26,Michael Jackson - Beat It (Official 4K Video),"331,175","2,635"
496,-174,Drama,"330,888","1,119"
497,-26,Fuerza Regida x Grupo Frontera - Bebe Dame,"330,880",841
498,+1,Eu Sou O Gummy Bear - Gummy Bear Song Brazilian Osito Gominola Brazil Som Livre Brasil,"329,225",832
499,+29,Survivor - Eye Of The Tiger (Official HD Video),"327,697","2,075"
500,NEW,Millyz ft. Meek Mill - Soul Survivor (Official Video),"327,246","16,789"
